customer_id,customer_name,country,customer_segment,contract_type,contract_start_date,credit_rating,yearly_spend_usd,preferred_commodity
CUST000001,Gould-Thompson,Palau,Government,Spot Rate,2024-01-10,A,46400.7652027457,Dangerous Goods
CUST000002,Burke-Gonzalez,Tuvalu,Direct Shipper,Blocked Space,2024-01-17,B,17900.851280059094,Perishables
CUST000003,White Inc,Mexico,Government,Spot Rate,2024-06-29,D,58193.72483203487,General Cargo
CUST000004,Mckee-Rodriguez,Monaco,Freight Forwarder,Spot Rate,2024-06-06,B,216326.64388957887,Valuables
CUST000005,Lindsey-Madden,Spain,Perishables Exporter,Spot Rate,2024-04-03,B,15502.707078987187,E-commerce
CUST000006,"Oconnell, Becker and Bruce",Belize,Direct Shipper,Long-term,2024-01-24,C,15503.088863603662,General Cargo
CUST000007,Hall-Diaz,Gabon,Direct Shipper,Long-term,2024-02-11,C,235347.68803457997,Dangerous Goods
CUST000008,"Charles, Haynes and Taylor",Kiribati,Direct Shipper,Blocked Space,2024-02-24,C,69644.01833328916,Perishables
CUST000009,"Butler, Taylor and Ryan",Liechtenstein,Freight Forwarder,Long-term,2024-04-25,A,10892.04974718793,Live Animals
CUST000010,Garza-Huff,Montenegro,E-commerce Platform,Volume Commitment,2024-02-11,A,49703.96886718455,Express
CUST000011,Miller-Moore,Northern Mariana Islands,Perishables Exporter,Spot Rate,2024-06-12,D,10991.455319435963,Perishables
CUST000012,Gillespie and Sons,Slovenia,Perishables Exporter,Volume Commitment,2024-06-16,C,10953.401975037526,Valuables
CUST000013,Chambers Inc,Cyprus,Government,Spot Rate,2024-04-09,A,31664.245064688643,Valuables
CUST000014,Smith-Reid,Northern Mariana Islands,E-commerce Platform,Spot Rate,2024-02-02,B,1248.9764227093058,Perishables
CUST000015,Green-Lee,Denmark,Pharma Company,Volume Commitment,2024-01-10,D,1656.7667668291,Live Animals
CUST000016,Ortiz and Sons,Peru,Direct Shipper,Volume Commitment,2024-07-11,C,9476.484623180002,Valuables
CUST000017,Moore Group,Guyana,Government,Volume Commitment,2024-03-07,A,4821.080343081568,Pharma
CUST000018,"Lawson, Wong and Hughes",Ecuador,Perishables Exporter,Blocked Space,2024-05-31,B,35290.567546234335,Express
CUST000019,Hunt-Simpson,Chad,Pharma Company,Volume Commitment,2024-03-22,B,5641.830715211216,Live Animals
CUST000020,"Grant, Cordova and Mueller",Argentina,Freight Forwarder,Blocked Space,2024-04-21,A,2647.959038246376,Live Animals
CUST000021,Evans Inc,Wallis and Futuna,Pharma Company,Volume Commitment,2024-06-13,A,198485.86219667393,Valuables
CUST000022,Reid-Higgins,Maldives,Perishables Exporter,Volume Commitment,2024-04-03,B,15698.737110356024,Express
CUST000023,"Clark, Cox and Carr",Congo,Pharma Company,Long-term,2024-02-26,B,24374.48840253622,Dangerous Goods
CUST000024,Bowman PLC,Guinea-Bissau,Direct Shipper,Blocked Space,2024-07-23,C,2598.988788037789,E-commerce
CUST000025,Henry-Brown,Mozambique,Perishables Exporter,Long-term,2024-01-31,C,9734.445076093441,Valuables
CUST000026,"Garrison, Collins and Thompson",San Marino,Direct Shipper,Long-term,2024-03-05,A,26013.837437490063,General Cargo
CUST000027,"Smith, Adams and Miller",Nigeria,Freight Forwarder,Blocked Space,2024-03-26,B,3918.6780112068154,E-commerce
CUST000028,Gonzalez-Moore,France,Perishables Exporter,Spot Rate,2024-05-19,D,38698.14819128084,E-commerce
CUST000029,"Davis, Schroeder and Jimenez",Egypt,Perishables Exporter,Long-term,2024-07-27,C,8946.717329137768,General Cargo
CUST000030,Rivera-Espinoza,Brazil,Government,Spot Rate,2024-05-15,C,14220.777456421893,Live Animals
CUST000031,"Melton, Jones and Chavez",Mauritius,Freight Forwarder,Volume Commitment,2024-04-15,D,8932.39720322287,Pharma
CUST000032,"James, Conway and Hernandez",Brunei Darussalam,Pharma Company,Spot Rate,2024-05-20,C,354483.56994707586,Pharma
CUST000033,"Hunt, Carroll and Baker",Solomon Islands,Perishables Exporter,Spot Rate,2024-05-16,C,21585.00550209322,Valuables
CUST000034,Holder-Johnson,Senegal,Direct Shipper,Volume Commitment,2024-07-18,B,4507.209958417186,General Cargo
CUST000035,Hunter-Gamble,Bulgaria,Perishables Exporter,Volume Commitment,2024-05-09,D,75645.8128080648,General Cargo
CUST000036,"Torres, Hall and Chung",Hungary,Freight Forwarder,Volume Commitment,2024-01-13,C,3528.8754333268967,Valuables
CUST000037,Keller-Conley,Nicaragua,Freight Forwarder,Blocked Space,2024-04-13,A,30130.565255635523,Perishables
CUST000038,Key-Scott,Monaco,Government,Long-term,2024-05-10,A,1165.0214923285707,Pharma
CUST000039,Best-Carpenter,Barbados,Direct Shipper,Long-term,2024-05-11,B,3004.0628256170166,Dangerous Goods
CUST000040,Underwood and Sons,Tunisia,Perishables Exporter,Long-term,2024-01-18,B,29592.962356110962,Valuables
CUST000041,"Flores, Mendoza and Dixon",Saint Barthelemy,Government,Volume Commitment,2024-06-27,D,66682.63612110747,Live Animals
CUST000042,Holmes-Phillips,Georgia,Pharma Company,Long-term,2024-05-07,A,28482.707330929887,Valuables
CUST000043,"Travis, Barrett and Joseph",Reunion,Direct Shipper,Spot Rate,2024-04-20,C,18518.538241077906,General Cargo
CUST000044,Daniel-Campbell,Belize,Perishables Exporter,Blocked Space,2024-02-20,B,14021.462306560396,General Cargo
CUST000045,Lindsey-Martinez,Isle of Man,Freight Forwarder,Spot Rate,2024-04-03,B,2397.584411925776,Perishables
CUST000046,Smith Inc,Pitcairn Islands,Freight Forwarder,Volume Commitment,2024-05-18,A,7481.837436609894,Valuables
CUST000047,Baker and Sons,Czech Republic,E-commerce Platform,Long-term,2024-02-15,B,11037.36753587332,Pharma
CUST000048,"Smith, Miller and Robertson",North Macedonia,Government,Long-term,2024-06-16,B,107547.01064977027,Express
CUST000049,Beard-Holmes,Solomon Islands,Pharma Company,Blocked Space,2024-01-30,A,36880.10166657824,Perishables
CUST000050,Villanueva and Sons,Namibia,Government,Long-term,2024-08-02,C,1564.6849408487174,E-commerce
CUST000051,Todd-Jackson,Turkmenistan,Pharma Company,Long-term,2024-06-17,A,35815.13878495692,Perishables
CUST000052,"Wilson, Bowen and Peterson",Netherlands,Freight Forwarder,Long-term,2024-04-09,C,12361.926435889147,Perishables
CUST000053,Hensley and Sons,Benin,Direct Shipper,Blocked Space,2024-02-01,B,7979.388030062282,Express
CUST000054,Flores and Sons,Latvia,Direct Shipper,Long-term,2024-05-29,B,55133.59027498564,Dangerous Goods
CUST000055,Townsend-Norman,Germany,Pharma Company,Blocked Space,2024-02-03,A,103414.37801343913,Express
CUST000056,"Kline, Williams and Hobbs",Luxembourg,Perishables Exporter,Spot Rate,2024-06-12,A,89047.05159943659,General Cargo
CUST000057,Lang Ltd,Tajikistan,Freight Forwarder,Blocked Space,2024-01-24,B,6255.233267467273,E-commerce
CUST000058,"Baker, Meza and Taylor",Belarus,Pharma Company,Long-term,2024-05-13,B,13851.951943351743,E-commerce
CUST000059,Haney-Baker,Georgia,Freight Forwarder,Blocked Space,2024-05-13,D,36202.923242374956,General Cargo
CUST000060,"Morrow, Harding and Clayton",Korea,Pharma Company,Volume Commitment,2024-02-23,D,95160.25943188756,Dangerous Goods
CUST000061,"Schultz, Fleming and Acosta",Kiribati,Pharma Company,Long-term,2024-06-27,B,10734.720173534582,Valuables
CUST000062,"Sims, Marshall and Williams",Latvia,E-commerce Platform,Blocked Space,2024-07-19,A,16672.426649461155,General Cargo
CUST000063,Johnson PLC,Reunion,Government,Volume Commitment,2024-04-20,A,4190.173997866003,General Cargo
CUST000064,Roberts-Martin,Sri Lanka,Perishables Exporter,Long-term,2024-03-23,B,3661.726600322618,General Cargo
CUST000065,Adams LLC,Palau,Perishables Exporter,Spot Rate,2024-06-18,B,74517.45957272574,Perishables
CUST000066,Lewis-Bell,Antarctica (the territory South of 60 deg S),Perishables Exporter,Spot Rate,2024-01-01,B,168444.23810147407,E-commerce
CUST000067,Moore LLC,Moldova,Freight Forwarder,Blocked Space,2024-04-19,A,19771.26337232506,Perishables
CUST000068,Flores PLC,Mauritania,Pharma Company,Volume Commitment,2024-05-13,C,99240.28869278528,Valuables
CUST000069,"Hess, Patterson and Beck",Cape Verde,Government,Volume Commitment,2024-01-23,B,37890.43700906324,Dangerous Goods
CUST000070,"Daugherty, Nelson and Garcia",Sri Lanka,Pharma Company,Blocked Space,2024-06-16,C,8369.256815571764,Express
CUST000071,Rocha PLC,Malawi,E-commerce Platform,Spot Rate,2024-02-03,A,37876.77507054919,Express
CUST000072,Bradley-Reed,Zimbabwe,Perishables Exporter,Spot Rate,2024-01-05,A,221251.39096523947,Valuables
CUST000073,White-Cox,Mayotte,Perishables Exporter,Volume Commitment,2024-03-02,B,20874.027072657806,Live Animals
CUST000074,Campbell LLC,Tajikistan,Freight Forwarder,Blocked Space,2024-05-21,C,230260.25316947876,Dangerous Goods
CUST000075,Elliott Ltd,New Zealand,Direct Shipper,Long-term,2024-08-02,C,432.84614600888625,General Cargo
CUST000076,Thompson Ltd,Indonesia,Government,Volume Commitment,2024-04-20,A,75572.95473504023,Pharma
CUST000077,Ruiz-Rios,Albania,E-commerce Platform,Spot Rate,2024-03-15,A,25098.681713278595,Pharma
CUST000078,"Blanchard, Tran and King",Azerbaijan,E-commerce Platform,Volume Commitment,2024-02-06,B,14065.622437523283,Live Animals
CUST000079,Craig-Gonzalez,Sweden,Direct Shipper,Volume Commitment,2024-04-23,D,25276.772368255373,Dangerous Goods
CUST000080,Mason LLC,Lesotho,Freight Forwarder,Spot Rate,2024-06-01,D,1117.273507505829,Dangerous Goods
CUST000081,Rodriguez-Phillips,Angola,Freight Forwarder,Spot Rate,2024-05-23,C,15843.144597640492,Pharma
CUST000082,"Bowers, Schroeder and Kim",Martinique,Government,Volume Commitment,2024-01-05,B,37634.2138054968,Express
CUST000083,Lucas Inc,Malta,Perishables Exporter,Long-term,2024-04-02,A,202165.32194219786,Perishables
CUST000084,Turner PLC,Kuwait,Freight Forwarder,Blocked Space,2024-05-19,A,10123.296921974134,Live Animals
CUST000085,"Ray, Henderson and Calhoun",South Africa,Perishables Exporter,Blocked Space,2024-05-10,D,6550.25720410232,Pharma
CUST000086,Duncan PLC,Western Sahara,Freight Forwarder,Volume Commitment,2024-02-24,C,10377.179907794452,General Cargo
CUST000087,Johnson Group,Malaysia,E-commerce Platform,Blocked Space,2024-04-14,B,86951.27441555027,Perishables
CUST000088,"Mccall, Armstrong and Jackson",Algeria,E-commerce Platform,Long-term,2024-01-08,B,36066.74990008584,Valuables
CUST000089,"Ortiz, Ramsey and Martinez",Somalia,Direct Shipper,Blocked Space,2024-03-28,D,9950.317053809496,General Cargo
CUST000090,King Group,Bulgaria,Direct Shipper,Volume Commitment,2024-06-19,D,47567.31523655753,Valuables
CUST000091,Lambert-Harrison,Pakistan,E-commerce Platform,Blocked Space,2024-04-05,A,25479.16463497437,E-commerce
CUST000092,"Ray, Nguyen and Mendoza",Guinea,Freight Forwarder,Long-term,2024-04-01,B,94180.41081422444,Valuables
CUST000093,"Riggs, Curry and Lopez",Bosnia and Herzegovina,Pharma Company,Volume Commitment,2024-03-09,C,7684.190836780545,Valuables
CUST000094,Davis-Olson,Kazakhstan,Direct Shipper,Spot Rate,2024-02-05,B,13473.859852032745,E-commerce
CUST000095,"Duncan, Gonzales and Myers",Turkey,E-commerce Platform,Volume Commitment,2024-07-17,A,12232.330546045236,Dangerous Goods
CUST000096,Dawson Inc,Honduras,E-commerce Platform,Long-term,2024-05-11,C,2452.167430104567,General Cargo
CUST000097,Case Inc,Angola,Freight Forwarder,Volume Commitment,2024-04-11,B,34343.92463878481,Dangerous Goods
CUST000098,"Soto, Mason and Fuller",Zimbabwe,Freight Forwarder,Spot Rate,2024-02-05,D,32584.203941990854,Live Animals
CUST000099,Holmes-Brown,Libyan Arab Jamahiriya,Government,Volume Commitment,2024-04-28,D,22196.062448931152,Perishables
CUST000100,Perez-Bates,Montserrat,Pharma Company,Blocked Space,2024-06-23,C,15492.623709671427,General Cargo
CUST000101,Krause LLC,Philippines,Government,Long-term,2024-02-21,A,2635.804920290907,Valuables
CUST000102,"Hayes, Thomas and Morales",Belize,E-commerce Platform,Long-term,2024-02-24,A,11719.765048244715,Live Animals
CUST000103,Smith-Jacobs,Botswana,Perishables Exporter,Volume Commitment,2024-04-02,A,13173.048292043317,Dangerous Goods
CUST000104,Rowe Ltd,British Indian Ocean Territory (Chagos Archipelago),Perishables Exporter,Volume Commitment,2024-06-07,D,6611.620728220795,Live Animals
CUST000105,Stevens Ltd,Morocco,Pharma Company,Volume Commitment,2024-07-02,B,17293.248297703944,Valuables
CUST000106,"Stevens, King and Meyer",Reunion,Pharma Company,Long-term,2024-03-27,B,40379.450567412,Dangerous Goods
CUST000107,Roman PLC,Japan,Pharma Company,Spot Rate,2024-02-23,C,372979.5427008252,Dangerous Goods
CUST000108,Baker Ltd,Dominica,Direct Shipper,Long-term,2024-07-14,C,28620.162165309404,Express
CUST000109,"Young, May and Hinton",Christmas Island,Pharma Company,Long-term,2024-01-24,B,32413.347800126674,Express
CUST000110,"Ross, Boyd and Taylor",United States Minor Outlying Islands,Government,Blocked Space,2024-05-02,A,19699.157087039555,Dangerous Goods
CUST000111,Wise-Young,Myanmar,Perishables Exporter,Volume Commitment,2024-05-05,A,1238.731532118384,Valuables
CUST000112,Becker and Sons,Bulgaria,Government,Volume Commitment,2024-03-15,B,21167.64650733097,Valuables
CUST000113,West-Miller,British Indian Ocean Territory (Chagos Archipelago),Direct Shipper,Spot Rate,2024-03-09,A,24109.11623368063,Valuables
CUST000114,"Robinson, Reynolds and Juarez",British Indian Ocean Territory (Chagos Archipelago),Pharma Company,Spot Rate,2024-04-17,D,886346.4397926952,E-commerce
CUST000115,Caldwell-Thomas,Afghanistan,Government,Blocked Space,2024-05-18,D,16505.658703613455,Express
CUST000116,Gregory-Edwards,Bouvet Island (Bouvetoya),Pharma Company,Blocked Space,2024-01-25,B,34624.645788434995,General Cargo
CUST000117,Pineda-Hall,Mauritius,Freight Forwarder,Long-term,2024-06-12,B,20908.94518024328,Pharma
CUST000118,Shaw Ltd,Dominica,Government,Long-term,2024-07-23,A,3816.095061569668,Valuables
CUST000119,Riggs and Sons,Kyrgyz Republic,Freight Forwarder,Long-term,2024-01-07,B,122300.23238211649,Express
CUST000120,Bryant-Boone,Mongolia,Government,Volume Commitment,2024-01-16,D,68043.30019151866,E-commerce
CUST000121,Lester and Sons,New Zealand,Perishables Exporter,Long-term,2024-01-14,B,72153.27253577289,Express
CUST000122,Kennedy and Sons,Equatorial Guinea,Pharma Company,Volume Commitment,2024-02-03,B,5630.304572513598,Dangerous Goods
CUST000123,Long-Sanchez,Belize,Perishables Exporter,Long-term,2024-07-24,B,180627.3713608701,Dangerous Goods
CUST000124,Finley-Williams,Liberia,Pharma Company,Spot Rate,2024-04-11,C,2689.8034575306665,Valuables
CUST000125,Richard-Long,Sudan,E-commerce Platform,Volume Commitment,2024-02-06,C,53118.770634166714,Perishables
CUST000126,"Rogers, Pierce and Davies",Iran,Direct Shipper,Blocked Space,2024-07-04,B,588706.736943923,E-commerce
CUST000127,Lewis LLC,Svalbard & Jan Mayen Islands,Government,Blocked Space,2024-05-08,B,4985.034047207791,Perishables
CUST000128,"Wright, Clayton and Poole",Saint Kitts and Nevis,Pharma Company,Long-term,2024-07-27,C,9419.651824634242,Express
CUST000129,Ferguson-Evans,Nicaragua,Pharma Company,Spot Rate,2024-04-09,B,25577.722777884126,E-commerce
CUST000130,"Kelly, Ramos and Hayes",Moldova,Pharma Company,Spot Rate,2024-01-31,D,10350.46286371772,Express
CUST000131,"Davis, Morris and Johnson",Hong Kong,Freight Forwarder,Volume Commitment,2024-01-21,C,2151.681381509523,E-commerce
CUST000132,Anderson LLC,Jordan,Pharma Company,Blocked Space,2024-05-01,D,24412.35076743215,Valuables
CUST000133,Gutierrez Group,Russian Federation,E-commerce Platform,Long-term,2024-07-26,D,4476.265703152115,General Cargo
CUST000134,"Kaiser, Pacheco and Cruz",Martinique,Pharma Company,Volume Commitment,2024-07-31,D,44819.05424513423,Pharma
CUST000135,Lucas Group,Venezuela,Pharma Company,Blocked Space,2024-03-08,A,5546.174271776445,E-commerce
CUST000136,Davis-Lara,Costa Rica,Perishables Exporter,Spot Rate,2024-01-03,A,225235.45654007766,E-commerce
CUST000137,"Gould, Oconnell and Schroeder",Ghana,Direct Shipper,Long-term,2024-02-14,B,6803.007423101469,General Cargo
CUST000138,"Knapp, Hamilton and Acosta",Samoa,E-commerce Platform,Long-term,2024-01-15,C,13587.529814567937,Valuables
CUST000139,Barnes-Edwards,Ghana,Pharma Company,Volume Commitment,2024-06-11,C,74628.35636168643,E-commerce
CUST000140,Greene Inc,Maldives,E-commerce Platform,Long-term,2024-07-09,C,3476.2295590179524,Perishables
CUST000141,"George, Maddox and Brown",Saint Vincent and the Grenadines,Pharma Company,Spot Rate,2024-02-08,A,30982.874703603506,Live Animals
CUST000142,Morris Group,France,Direct Shipper,Spot Rate,2024-05-04,A,156484.79558381691,General Cargo
CUST000143,Raymond-Mclaughlin,Indonesia,Direct Shipper,Blocked Space,2024-04-16,A,1975.8918561836733,Pharma
CUST000144,"Grant, Casey and Johnson",Singapore,Direct Shipper,Blocked Space,2024-07-14,D,29055.143046521316,Perishables
CUST000145,Huffman PLC,Norway,Perishables Exporter,Blocked Space,2024-02-14,D,32526.947915265304,Dangerous Goods
CUST000146,Willis Inc,Sao Tome and Principe,E-commerce Platform,Blocked Space,2024-06-26,A,71163.42756700683,Pharma
CUST000147,Singleton LLC,Mauritius,E-commerce Platform,Spot Rate,2024-02-01,A,3444.637433640332,Dangerous Goods
CUST000148,Patterson LLC,Greece,Perishables Exporter,Long-term,2024-05-27,D,3039.0950840686546,Valuables
CUST000149,Anderson-Luna,Niue,Freight Forwarder,Blocked Space,2024-07-03,A,48190.26691507596,Dangerous Goods
CUST000150,Jennings LLC,Denmark,Government,Spot Rate,2024-01-18,A,34388.48365533378,Live Animals
CUST000151,Shaw and Sons,Tajikistan,Perishables Exporter,Long-term,2024-04-29,C,32072.01992301942,Perishables
CUST000152,Dawson Group,Benin,Perishables Exporter,Volume Commitment,2024-01-04,A,37036.9860106099,E-commerce
CUST000153,Ward-Acosta,Uruguay,Pharma Company,Spot Rate,2024-01-17,D,7942.337589358682,Live Animals
CUST000154,Valentine-Higgins,Cook Islands,Government,Long-term,2024-05-20,B,31206.464434252266,E-commerce
CUST000155,Lewis-Knight,Armenia,Direct Shipper,Volume Commitment,2024-05-31,D,34187.27268067298,Express
CUST000156,Butler Inc,Norfolk Island,Pharma Company,Volume Commitment,2024-04-24,C,7543.7363316019455,Valuables
CUST000157,Davis-Lang,Malawi,Freight Forwarder,Volume Commitment,2024-07-29,D,361733.042361788,Valuables
CUST000158,Jones PLC,Liberia,Pharma Company,Long-term,2024-01-10,C,44835.224981766485,General Cargo
CUST000159,"Johnson, Hudson and Castro",Canada,Pharma Company,Volume Commitment,2024-08-01,B,3688.7567428156967,Express
CUST000160,Nguyen Inc,Dominican Republic,Direct Shipper,Volume Commitment,2024-07-30,C,58972.730017787966,Live Animals
CUST000161,Howell-Mathis,Saint Kitts and Nevis,E-commerce Platform,Volume Commitment,2024-06-05,A,5105.009005535527,Valuables
CUST000162,"Parks, Jackson and Sullivan",Bahamas,Freight Forwarder,Blocked Space,2024-02-07,D,71727.3142275398,Express
CUST000163,Livingston Group,Belgium,Perishables Exporter,Blocked Space,2024-07-16,D,125228.25217120493,Express
CUST000164,Cross Group,Sri Lanka,Pharma Company,Spot Rate,2024-04-24,A,6431.586510390309,Dangerous Goods
CUST000165,"Garcia, Kennedy and Byrd",Mali,Direct Shipper,Long-term,2024-04-26,B,93439.00914921938,Dangerous Goods
CUST000166,Young Group,Afghanistan,Government,Volume Commitment,2024-02-26,D,40911.70105194433,Live Animals
CUST000167,"Mcconnell, Berry and Brown",Timor-Leste,Pharma Company,Volume Commitment,2024-01-24,C,75590.82859986117,Express
CUST000168,Meyers PLC,Northern Mariana Islands,E-commerce Platform,Volume Commitment,2024-06-26,C,378961.34015018056,Valuables
CUST000169,"Reynolds, Mitchell and Sparks",Bouvet Island (Bouvetoya),Freight Forwarder,Blocked Space,2024-02-11,C,15243.64274583195,Perishables
CUST000170,"Bray, Vasquez and Pena",Norfolk Island,Government,Blocked Space,2024-03-01,B,7110.982887969727,Valuables
CUST000171,Jones-Young,Monaco,Government,Long-term,2024-07-25,C,5800.667960817905,Dangerous Goods
CUST000172,Monroe-Webb,Andorra,Freight Forwarder,Blocked Space,2024-07-06,C,6478.761033631149,Valuables
CUST000173,Hernandez-Vaughn,Norway,E-commerce Platform,Blocked Space,2024-03-22,C,19620.837846030237,General Cargo
CUST000174,Brown Ltd,Iraq,Government,Blocked Space,2024-07-02,C,36743.916819737424,General Cargo
CUST000175,"Manning, Alvarez and Hobbs",Tajikistan,Freight Forwarder,Volume Commitment,2024-07-22,B,33357.44280456079,Express
CUST000176,"Vargas, Bradley and Gonzalez",Russian Federation,Freight Forwarder,Spot Rate,2024-05-17,C,76173.9541015874,Express
CUST000177,"Jones, Sweeney and Hobbs",Saint Kitts and Nevis,Pharma Company,Long-term,2024-08-03,C,22460.26075143221,Pharma
CUST000178,"Carpenter, Velez and Zamora",Niger,Freight Forwarder,Volume Commitment,2024-03-28,D,194911.54431572193,Perishables
CUST000179,Frost-Neal,Ethiopia,Freight Forwarder,Long-term,2024-02-27,D,14809.360856862775,Perishables
CUST000180,"Matthews, White and Jones",Mongolia,Perishables Exporter,Spot Rate,2024-06-15,B,1303096.2871494778,Pharma
CUST000181,"Peters, Smith and Carr",Korea,Perishables Exporter,Volume Commitment,2024-07-21,A,56302.883057177125,Valuables
CUST000182,"Montgomery, Vaughn and Nolan",Costa Rica,Freight Forwarder,Long-term,2024-02-05,B,6089.149314869998,E-commerce
CUST000183,"Cooper, Johnson and Robertson",Azerbaijan,Pharma Company,Long-term,2024-07-20,C,4418.967068751878,E-commerce
CUST000184,Moore and Sons,United States Minor Outlying Islands,E-commerce Platform,Spot Rate,2024-05-25,A,45420.03666327631,Valuables
CUST000185,Rosales-White,South Georgia and the South Sandwich Islands,Government,Blocked Space,2024-03-05,C,15753.310647579796,Perishables
CUST000186,Nguyen Inc,Korea,Direct Shipper,Blocked Space,2024-06-14,B,64279.802100612964,Perishables
CUST000187,"Nguyen, Mendez and Williams",Austria,Direct Shipper,Spot Rate,2024-04-10,D,44795.20748324437,Express
CUST000188,Petty PLC,Benin,Government,Long-term,2024-01-31,C,19746.995477095927,General Cargo
CUST000189,Baker-Bolton,Svalbard & Jan Mayen Islands,Direct Shipper,Volume Commitment,2024-03-04,C,6184.549365385181,Express
CUST000190,Serrano PLC,San Marino,Freight Forwarder,Blocked Space,2024-06-15,C,2270.4405419081086,Valuables
CUST000191,Henry-Wright,Ukraine,Pharma Company,Spot Rate,2024-06-06,B,11273.696770208078,Pharma
CUST000192,Sullivan-Scott,Rwanda,E-commerce Platform,Blocked Space,2024-07-19,A,79586.37521053903,General Cargo
CUST000193,Hester and Sons,Chad,Direct Shipper,Volume Commitment,2024-06-10,C,30367.875940464077,Express
CUST000194,Nelson and Sons,Nigeria,Freight Forwarder,Long-term,2024-07-03,C,3399.527845301267,E-commerce
CUST000195,"Kelley, Gordon and Brown",Ghana,E-commerce Platform,Long-term,2024-05-04,D,28560.25625070167,Perishables
CUST000196,Williams Ltd,Martinique,Perishables Exporter,Spot Rate,2024-06-03,D,39260.57326939301,Live Animals
CUST000197,"Jones, Robinson and Dickerson",Bosnia and Herzegovina,Perishables Exporter,Volume Commitment,2024-06-25,A,5850.098897849486,Perishables
CUST000198,Porter-Abbott,Cyprus,Direct Shipper,Spot Rate,2024-03-10,C,27738.806236159257,General Cargo
CUST000199,Adams-Grant,Turkmenistan,Direct Shipper,Long-term,2024-01-21,D,24036.122396795738,Dangerous Goods
CUST000200,Rush-Perez,Saint Martin,Direct Shipper,Long-term,2024-05-24,D,3966.123916331195,Perishables
CUST000201,"Davila, Johnson and Myers",Liberia,Pharma Company,Volume Commitment,2024-03-25,D,37672.32581143171,Live Animals
CUST000202,Willis Inc,Austria,E-commerce Platform,Spot Rate,2024-03-17,B,51081.45474876723,Live Animals
CUST000203,Carroll PLC,San Marino,Pharma Company,Long-term,2024-05-15,C,111812.30147840633,E-commerce
CUST000204,Brown LLC,Uzbekistan,Perishables Exporter,Spot Rate,2024-02-21,D,107012.72997028235,Perishables
CUST000205,"Carter, Castro and Parsons",Solomon Islands,E-commerce Platform,Volume Commitment,2024-03-24,C,2789.160540678795,Perishables
CUST000206,"Vasquez, Mccoy and Love",Qatar,Pharma Company,Spot Rate,2024-05-24,D,5395.186467559625,E-commerce
CUST000207,"Garcia, Ross and Lopez",Togo,Freight Forwarder,Blocked Space,2024-03-31,C,47693.61930857518,Express
CUST000208,"Collier, Clements and Smith",Suriname,Government,Long-term,2024-04-30,A,47604.326377283905,Valuables
CUST000209,White-Thompson,Lebanon,E-commerce Platform,Blocked Space,2024-05-13,C,47694.507784405156,Express
CUST000210,Wilson and Sons,Pitcairn Islands,Government,Long-term,2024-05-31,A,7124835.7839169875,General Cargo
CUST000211,Potter-Gibbs,Guernsey,Government,Blocked Space,2024-01-21,B,51861.69621001512,Dangerous Goods
CUST000212,"Gordon, Flores and Perry",Mauritius,Perishables Exporter,Spot Rate,2024-04-15,D,120976.121275216,Perishables
CUST000213,"Price, Watts and Vargas",Guatemala,Direct Shipper,Spot Rate,2024-05-14,D,92134.30654584576,Perishables
CUST000214,Perez-Wilkinson,French Polynesia,Government,Blocked Space,2024-01-14,D,58517.83607718696,Dangerous Goods
CUST000215,Mcintosh-Newman,United States Minor Outlying Islands,Perishables Exporter,Volume Commitment,2024-01-19,D,13726.67272185497,Express
CUST000216,Johnson LLC,Mongolia,Pharma Company,Blocked Space,2024-03-03,D,68765.25148720543,Pharma
CUST000217,George PLC,Turkmenistan,Pharma Company,Blocked Space,2024-04-13,B,6910.257481291647,Perishables
CUST000218,Wagner-Wright,Uruguay,E-commerce Platform,Long-term,2024-04-12,C,15440.853335425363,Dangerous Goods
CUST000219,Wu-Ward,Samoa,Freight Forwarder,Volume Commitment,2024-07-30,C,10635.52060260685,Express
CUST000220,"Evans, Ford and Hicks",Anguilla,Direct Shipper,Long-term,2024-07-22,D,24904.68479365783,Live Animals
CUST000221,Ingram-Taylor,Northern Mariana Islands,E-commerce Platform,Long-term,2024-02-21,D,709267.3749506224,Live Animals
CUST000222,Johnson Ltd,Mauritania,Direct Shipper,Blocked Space,2024-02-07,D,1338.2287779841627,Valuables
CUST000223,Pittman Ltd,Guadeloupe,Pharma Company,Spot Rate,2024-01-07,C,61659.974356945015,Express
CUST000224,Welch-King,Cyprus,Government,Long-term,2024-01-31,D,1960.4438745960858,Pharma
CUST000225,Massey-Cummings,Bulgaria,Pharma Company,Spot Rate,2024-02-25,B,10851.973168864984,Live Animals
CUST000226,Meyer-Campbell,Marshall Islands,Freight Forwarder,Long-term,2024-06-06,A,112806.12265743825,Express
CUST000227,"Carlson, Curtis and Bryant",Nauru,Freight Forwarder,Blocked Space,2024-02-28,D,24256.01795432444,Pharma
CUST000228,Thomas-Reynolds,South Georgia and the South Sandwich Islands,Freight Forwarder,Long-term,2024-03-08,C,4373.7796953446505,Live Animals
CUST000229,"Smith, Carter and Barton",Cuba,Perishables Exporter,Long-term,2024-04-03,A,7532.968273212846,Live Animals
CUST000230,Patterson-Walsh,Antarctica (the territory South of 60 deg S),Government,Long-term,2024-04-28,C,61046.83426492817,Express
CUST000231,Torres PLC,Bermuda,Perishables Exporter,Spot Rate,2024-04-16,A,7364.673910999599,Valuables
CUST000232,"Hobbs, Austin and Alexander",Mongolia,Government,Volume Commitment,2024-07-13,B,30475.790227711102,Perishables
CUST000233,Collins-Ingram,Netherlands,Pharma Company,Spot Rate,2024-07-19,A,23584.801041018793,Express
CUST000234,Gonzalez-King,Argentina,Direct Shipper,Volume Commitment,2024-08-03,A,8288.294346021266,General Cargo
CUST000235,Williams-Davis,Tunisia,E-commerce Platform,Spot Rate,2024-02-12,C,549034.2660788021,Live Animals
CUST000236,Phillips and Sons,Bangladesh,E-commerce Platform,Long-term,2024-03-19,B,57004.10338733158,Valuables
CUST000237,Diaz Group,Denmark,Perishables Exporter,Long-term,2024-07-11,B,1056.045045429952,Pharma
CUST000238,Glass PLC,Anguilla,Direct Shipper,Spot Rate,2024-04-17,D,29134.59189658818,Valuables
CUST000239,"Gonzalez, Hawkins and Gibson",Cook Islands,Pharma Company,Blocked Space,2024-01-25,B,8162.618595968602,Express
CUST000240,"Parker, Carpenter and Dunn",Micronesia,Government,Volume Commitment,2024-04-29,D,79114.38551944502,Dangerous Goods
CUST000241,Rivera LLC,Botswana,Government,Spot Rate,2024-04-21,D,6709.0919460531495,Dangerous Goods
CUST000242,Bailey-White,Brazil,Government,Blocked Space,2024-04-30,A,18543.884512409488,Express
CUST000243,Dennis Group,India,E-commerce Platform,Volume Commitment,2024-04-14,D,46980.17195922529,Dangerous Goods
CUST000244,Mcdaniel-Rose,Bahamas,Pharma Company,Volume Commitment,2024-04-18,B,80711.2129946012,E-commerce
CUST000245,"Yang, Peterson and Flores",Comoros,Pharma Company,Spot Rate,2024-06-25,B,3639.3318621067183,E-commerce
CUST000246,Anderson Inc,Svalbard & Jan Mayen Islands,Perishables Exporter,Volume Commitment,2024-01-08,C,13336.343030442446,Dangerous Goods
CUST000247,Hurley Group,French Polynesia,Freight Forwarder,Long-term,2024-05-31,C,10803.031122856733,General Cargo
CUST000248,Keller-Jensen,Belize,Perishables Exporter,Spot Rate,2024-01-15,D,8266.827931516547,Dangerous Goods
CUST000249,Tate-Waller,Brazil,Direct Shipper,Volume Commitment,2024-05-01,B,311196.9779935698,Valuables
CUST000250,Coleman-Chan,Yemen,Perishables Exporter,Volume Commitment,2024-03-18,B,40435.87101613817,Perishables
CUST000251,Alvarado Group,New Zealand,Government,Spot Rate,2024-01-30,C,3323.168813162481,Express
CUST000252,Forbes PLC,Anguilla,Freight Forwarder,Volume Commitment,2024-04-03,B,87272.69497628364,Perishables
CUST000253,"Burns, Smith and Morales",Chile,E-commerce Platform,Volume Commitment,2024-02-10,D,531380.8610230429,Pharma
CUST000254,"Ware, Hunter and Jones",Thailand,Direct Shipper,Blocked Space,2024-04-27,C,103641.99572667074,Dangerous Goods
CUST000255,"Park, Strong and Hooper",Venezuela,Direct Shipper,Volume Commitment,2024-02-02,D,2255.089748829064,Dangerous Goods
CUST000256,Powell-Johnston,Lao People's Democratic Republic,Government,Volume Commitment,2024-01-25,A,10653.554706451047,Express
CUST000257,Cisneros-Ortega,Guernsey,Freight Forwarder,Blocked Space,2024-02-25,B,147320.64131790362,E-commerce
CUST000258,Ramirez Inc,Solomon Islands,Perishables Exporter,Volume Commitment,2024-02-06,A,7619.726849926314,E-commerce
CUST000259,Peterson and Sons,Luxembourg,Freight Forwarder,Volume Commitment,2024-05-30,A,42861.49469106164,Express
CUST000260,Moon-Mcfarland,Aruba,E-commerce Platform,Volume Commitment,2024-02-02,D,70400.1786752769,Live Animals
CUST000261,Rodriguez-Brown,Cyprus,Freight Forwarder,Blocked Space,2024-01-15,D,5484.078158254429,General Cargo
CUST000262,Hayes-Nelson,Nicaragua,Perishables Exporter,Volume Commitment,2024-02-29,B,20145.01144804117,Perishables
CUST000263,"Wise, Hurley and Walsh",Ghana,Government,Long-term,2024-05-12,C,170.39154419520958,E-commerce
CUST000264,Bailey Group,Indonesia,Freight Forwarder,Blocked Space,2024-07-11,A,4738.228155733037,General Cargo
CUST000265,"Ayers, Mcfarland and Nicholson",Bolivia,E-commerce Platform,Long-term,2024-04-25,A,15080.348824766923,Perishables
CUST000266,Stewart Ltd,New Caledonia,Direct Shipper,Blocked Space,2024-04-22,D,3389.118804987758,Express
CUST000267,Garcia Ltd,Timor-Leste,E-commerce Platform,Long-term,2024-04-23,B,254897.54418625473,E-commerce
CUST000268,"Diaz, Cantrell and Walton",Belize,Government,Spot Rate,2024-02-27,D,2578.0483368186137,E-commerce
CUST000269,Rice Group,Timor-Leste,E-commerce Platform,Spot Rate,2024-01-12,C,11383.648583448288,Valuables
CUST000270,Mcclain-Parks,Taiwan,Pharma Company,Long-term,2024-07-03,B,26798.759173454782,Live Animals
CUST000271,Gillespie-Scott,Russian Federation,Freight Forwarder,Volume Commitment,2024-02-01,C,191359.65246276415,General Cargo
CUST000272,Parks-Sexton,Libyan Arab Jamahiriya,Pharma Company,Volume Commitment,2024-03-23,B,2556.02034004754,Perishables
CUST000273,Petty-Schneider,Andorra,Pharma Company,Spot Rate,2024-06-15,B,126089.29535622099,General Cargo
CUST000274,Holland Group,San Marino,Freight Forwarder,Volume Commitment,2024-07-13,B,22367.171202574053,Pharma
CUST000275,Sparks and Sons,Heard Island and McDonald Islands,Perishables Exporter,Blocked Space,2024-03-12,A,5052.9980704424115,Valuables
CUST000276,Berry PLC,Mali,Perishables Exporter,Blocked Space,2024-04-01,B,44053.28537285715,Live Animals
CUST000277,"Brown, Smith and Fernandez",American Samoa,Direct Shipper,Spot Rate,2024-01-25,C,29690.711844168643,Pharma
CUST000278,Smith-Kennedy,Djibouti,Direct Shipper,Volume Commitment,2024-07-29,B,8952.379879645363,Perishables
CUST000279,Robinson LLC,Sao Tome and Principe,Government,Spot Rate,2024-04-18,B,24457.76735014657,General Cargo
CUST000280,"Hicks, Johnson and Rogers",British Virgin Islands,E-commerce Platform,Blocked Space,2024-01-03,C,12357.637904615054,General Cargo
CUST000281,Fernandez Ltd,Iceland,Direct Shipper,Volume Commitment,2024-06-13,A,26115.28405456889,Pharma
CUST000282,Peterson-Parker,Fiji,Government,Long-term,2024-05-21,A,59468.14153688247,Perishables
CUST000283,"May, Russell and Gonzales",Mauritius,Pharma Company,Long-term,2024-07-21,C,237761.94576601833,Perishables
CUST000284,Smith Ltd,Ukraine,Pharma Company,Blocked Space,2024-03-08,A,3440.1720090897634,Dangerous Goods
CUST000285,Long Group,South Africa,Pharma Company,Spot Rate,2024-07-28,A,540121.8612078035,Express
CUST000286,Bailey-Gross,South Africa,Pharma Company,Long-term,2024-05-05,A,1178.3474864432537,Express
CUST000287,Richards PLC,Saint Pierre and Miquelon,Government,Long-term,2024-07-27,A,17541.457485820214,Perishables
CUST000288,Oneal PLC,Guyana,E-commerce Platform,Blocked Space,2024-02-26,A,53235.237214525754,Pharma
CUST000289,Perry-Johnson,Germany,E-commerce Platform,Volume Commitment,2024-06-26,D,33573.347486256556,Dangerous Goods
CUST000290,Johnston Group,Armenia,Pharma Company,Long-term,2024-02-02,A,8655.504191447013,Perishables
CUST000291,Rodriguez LLC,New Zealand,Government,Blocked Space,2024-02-17,D,16120.009807466888,Express
CUST000292,"Garcia, Moore and Thompson",United Arab Emirates,Direct Shipper,Long-term,2024-04-24,C,10514.37447994142,Express
CUST000293,"Williams, Foster and Duncan",Australia,Pharma Company,Long-term,2024-05-31,A,9099.30089277237,Live Animals
CUST000294,Smith-Davis,Lebanon,Pharma Company,Volume Commitment,2024-05-07,C,78779.11050056476,Live Animals
CUST000295,"Cunningham, Smith and Estrada",Saudi Arabia,Direct Shipper,Long-term,2024-08-03,A,37628.73359721042,Perishables
CUST000296,Nielsen Inc,Antigua and Barbuda,Freight Forwarder,Spot Rate,2024-03-07,D,7790.307463689999,Perishables
CUST000297,"Peterson, Peterson and Murray",Singapore,Government,Volume Commitment,2024-05-04,B,84914.47166144826,General Cargo
CUST000298,"Rose, Johnson and Rodriguez",Djibouti,Perishables Exporter,Volume Commitment,2024-07-30,A,34924.68907073614,E-commerce
CUST000299,"Nichols, Newton and Powell",Montserrat,E-commerce Platform,Long-term,2024-02-19,A,74555.05899043183,Dangerous Goods
CUST000300,Stout-Stevenson,Seychelles,Perishables Exporter,Volume Commitment,2024-05-22,C,56638.44437645221,Perishables
CUST000301,Hayes-Bryant,Bosnia and Herzegovina,Perishables Exporter,Blocked Space,2024-05-13,B,6351.888718317163,Express
CUST000302,Fitzpatrick-Kelly,Latvia,Direct Shipper,Spot Rate,2024-07-18,C,9506.475145810196,Live Animals
CUST000303,Mcdowell Inc,Yemen,Freight Forwarder,Volume Commitment,2024-03-09,B,67571.42108898362,E-commerce
CUST000304,Reyes Ltd,Ghana,Perishables Exporter,Spot Rate,2024-04-07,C,55025.68736314145,General Cargo
CUST000305,"Mckinney, Rios and Robinson",Wallis and Futuna,Direct Shipper,Volume Commitment,2024-01-30,C,21346.5968762286,Live Animals
CUST000306,Gallegos-Rodriguez,Poland,E-commerce Platform,Spot Rate,2024-05-08,B,26264.96169449823,Pharma
CUST000307,"Garcia, Allen and Mccoy",Colombia,Perishables Exporter,Long-term,2024-03-25,A,149716.28424488447,Pharma
CUST000308,Mathews-Miller,Pakistan,Government,Spot Rate,2024-02-21,A,9069.232471365287,Valuables
CUST000309,Lee-Anderson,Bangladesh,Pharma Company,Long-term,2024-02-25,D,50043.40819905753,Live Animals
CUST000310,Reid-Burns,Netherlands,Direct Shipper,Volume Commitment,2024-06-13,C,16264.02709651302,Live Animals
CUST000311,"Morales, Castro and Silva",Luxembourg,Perishables Exporter,Spot Rate,2024-04-03,A,15890.523355753885,Pharma
CUST000312,Myers-Rodriguez,Liechtenstein,Direct Shipper,Spot Rate,2024-04-23,A,114481.12920772097,Dangerous Goods
CUST000313,Cunningham-Green,Turks and Caicos Islands,Pharma Company,Long-term,2024-02-24,D,75972.33375711866,Express
CUST000314,Howe Group,Bulgaria,Pharma Company,Volume Commitment,2024-03-08,B,74627.50768884741,Perishables
CUST000315,Thomas-Lamb,Western Sahara,E-commerce Platform,Long-term,2024-04-30,A,156094.70895965854,Dangerous Goods
CUST000316,"Jones, Novak and Moran",Vietnam,Government,Long-term,2024-01-02,C,22731.47398833625,General Cargo
CUST000317,Evans-Stewart,United States Virgin Islands,Direct Shipper,Long-term,2024-02-28,A,61262.88397768428,General Cargo
CUST000318,Oliver-Marquez,Singapore,Direct Shipper,Volume Commitment,2024-03-22,B,13830.061411573855,Pharma
CUST000319,Oliver Group,Kiribati,E-commerce Platform,Volume Commitment,2024-02-11,C,35819.56490132792,Perishables
CUST000320,"Romero, Morales and Flores",Somalia,Freight Forwarder,Long-term,2024-03-28,D,18120.250761724354,Pharma
CUST000321,Vang-Harrington,Syrian Arab Republic,Direct Shipper,Long-term,2024-06-15,B,25476.04677392343,Live Animals
CUST000322,Suarez-Baker,Iran,Freight Forwarder,Long-term,2024-06-13,A,53784.2277222876,E-commerce
CUST000323,"Travis, King and Rodriguez",Honduras,Freight Forwarder,Long-term,2024-02-01,A,6455.378738025234,Live Animals
CUST000324,Mcintyre PLC,Congo,Perishables Exporter,Long-term,2024-05-17,D,508174.87707300496,E-commerce
CUST000325,Harvey-Velez,Sudan,E-commerce Platform,Spot Rate,2024-05-16,D,4870.607383724598,General Cargo
CUST000326,Russell-Mitchell,Ukraine,E-commerce Platform,Blocked Space,2024-01-02,D,3564.279044422891,Live Animals
CUST000327,Peterson and Sons,Turks and Caicos Islands,Freight Forwarder,Long-term,2024-01-26,A,125137.23702661842,Valuables
CUST000328,"Robinson, Stevens and Morrison",United States of America,Pharma Company,Long-term,2024-05-28,A,72221.57052135396,E-commerce
CUST000329,Shaw and Sons,Luxembourg,E-commerce Platform,Volume Commitment,2024-03-05,B,56172.33897040415,Live Animals
CUST000330,Taylor-Smith,Nigeria,Direct Shipper,Spot Rate,2024-07-06,A,56529.520301292294,Valuables
CUST000331,Johnston-Torres,Palau,E-commerce Platform,Volume Commitment,2024-01-22,B,21625.53001209646,Valuables
CUST000332,Estes-Brady,Mayotte,Freight Forwarder,Blocked Space,2024-06-11,C,5733.712139370286,Valuables
CUST000333,"Moody, Williams and Stafford",Germany,Direct Shipper,Blocked Space,2024-03-26,A,24678.972328211476,Pharma
CUST000334,"Boyd, Marshall and Aguilar",Maldives,Government,Long-term,2024-07-05,D,7976.519422727602,Express
CUST000335,Jenkins Inc,Paraguay,Government,Volume Commitment,2024-05-22,C,95099.55793753557,Pharma
CUST000336,Shaffer-Franklin,Sao Tome and Principe,Pharma Company,Spot Rate,2024-04-06,D,17666.296092444627,Express
CUST000337,Wong-Woodard,Mongolia,Government,Volume Commitment,2024-01-06,C,6385.302888244125,General Cargo
CUST000338,"Fox, Stewart and Powers",Monaco,E-commerce Platform,Spot Rate,2024-06-18,C,13601.307917718044,Express
CUST000339,Cox Inc,Portugal,Pharma Company,Spot Rate,2024-06-26,A,40920.939589142065,Live Animals
CUST000340,Cain-Porter,Timor-Leste,E-commerce Platform,Spot Rate,2024-07-28,A,9456.079725273079,E-commerce
CUST000341,Barrett-Vargas,Romania,Pharma Company,Spot Rate,2024-01-28,D,6416.765199206093,Valuables
CUST000342,Cole PLC,Namibia,E-commerce Platform,Long-term,2024-04-07,B,31746.2795281156,General Cargo
CUST000343,"Wilson, Knox and Ramirez",Timor-Leste,Pharma Company,Spot Rate,2024-05-27,C,31807.260383752477,Perishables
CUST000344,"Leonard, Wolfe and Hernandez",Jordan,Perishables Exporter,Blocked Space,2024-06-06,A,10296.766953586903,Valuables
CUST000345,Hayes-Bennett,Sweden,Government,Long-term,2024-02-07,D,10866.528257574113,Pharma
CUST000346,Craig LLC,Slovakia (Slovak Republic),E-commerce Platform,Volume Commitment,2024-05-05,C,31196.927957104177,E-commerce
CUST000347,Romero-Garcia,New Zealand,Pharma Company,Volume Commitment,2024-03-06,A,2509.587027603815,Live Animals
CUST000348,"Mayer, Green and Brown",Palau,Freight Forwarder,Volume Commitment,2024-04-17,A,2667.25288160136,E-commerce
CUST000349,"Kennedy, Callahan and Giles",Qatar,E-commerce Platform,Volume Commitment,2024-03-19,B,7497.5656596301305,Live Animals
CUST000350,Myers LLC,Saint Vincent and the Grenadines,Freight Forwarder,Blocked Space,2024-02-03,C,15991.766458567174,Dangerous Goods
CUST000351,Clark PLC,Gibraltar,Government,Long-term,2024-03-13,B,35114.21623506037,Perishables
CUST000352,Mahoney-Carlson,Oman,E-commerce Platform,Long-term,2024-07-25,C,201397.19374371762,Pharma
CUST000353,Johnson-Mccoy,North Macedonia,Government,Spot Rate,2024-03-30,D,79737.0348329409,Live Animals
CUST000354,"Jenkins, Fitzgerald and Fritz",Syrian Arab Republic,Freight Forwarder,Volume Commitment,2024-05-31,C,17328.22935170432,Pharma
CUST000355,"Lynch, Roman and Wilson",Kuwait,Direct Shipper,Volume Commitment,2024-06-26,D,21407.05218644947,Valuables
CUST000356,Smith Group,Sweden,Direct Shipper,Blocked Space,2024-03-11,B,4896.157305382114,Perishables
CUST000357,Harmon-Villanueva,Iran,E-commerce Platform,Spot Rate,2024-04-02,A,21423.212212880135,Live Animals
CUST000358,"Watts, Mercer and Watts",Romania,Perishables Exporter,Blocked Space,2024-06-11,D,14285.66751014625,Pharma
CUST000359,Hess-Reynolds,Bolivia,Direct Shipper,Blocked Space,2024-03-15,B,35741.86037952497,Express
CUST000360,"Barnes, Brown and White",Burundi,Freight Forwarder,Long-term,2024-03-11,C,6368.71871486928,Valuables
CUST000361,Bell-Simmons,Guatemala,Pharma Company,Volume Commitment,2024-07-04,D,48003.04720736264,Valuables
CUST000362,"Irwin, Klein and Phillips",Turkey,Perishables Exporter,Blocked Space,2024-04-26,C,219500.1883325082,Express
CUST000363,Hester-Moore,Morocco,Direct Shipper,Volume Commitment,2024-04-07,D,18710.86737915634,Express
CUST000364,Rodriguez-Pittman,Indonesia,E-commerce Platform,Long-term,2024-02-19,D,40238.01937054689,Pharma
CUST000365,Gomez-Duncan,Belgium,Direct Shipper,Blocked Space,2024-05-30,C,62020.235360903054,General Cargo
CUST000366,Collier LLC,Saint Pierre and Miquelon,Government,Long-term,2024-07-30,C,12066.270681671842,Perishables
CUST000367,Griffin-Richardson,Burkina Faso,Government,Spot Rate,2024-07-30,C,30826.76924187797,Perishables
CUST000368,Booth and Sons,Ethiopia,Direct Shipper,Volume Commitment,2024-02-07,D,22446.469072352073,Pharma
CUST000369,Rodgers-Page,Tonga,Pharma Company,Spot Rate,2024-01-21,B,25502.05070771104,Express
CUST000370,Young-Thompson,France,E-commerce Platform,Spot Rate,2024-05-29,D,6908.344613831646,General Cargo
CUST000371,Holland-Cooper,Tajikistan,Pharma Company,Volume Commitment,2024-02-08,B,22851.345106349043,E-commerce
CUST000372,"Allen, Turner and Carney",Equatorial Guinea,Freight Forwarder,Volume Commitment,2024-05-10,B,46490.22883287612,General Cargo
CUST000373,"White, Norton and Mitchell",Saint Pierre and Miquelon,E-commerce Platform,Spot Rate,2024-07-20,C,194213.90072237066,Pharma
CUST000374,"Thomas, Bauer and Willis",Mexico,Direct Shipper,Spot Rate,2024-07-21,C,92865.38395172759,Express
CUST000375,Tucker-Lawrence,Vanuatu,Government,Blocked Space,2024-02-27,D,556695.4974819038,Express
CUST000376,Robinson-Pacheco,Switzerland,Perishables Exporter,Spot Rate,2024-04-30,A,6967.269353870264,General Cargo
CUST000377,"Johnson, Gross and Harris",Portugal,E-commerce Platform,Blocked Space,2024-04-23,B,81509.9970650298,E-commerce
CUST000378,Castillo LLC,Gibraltar,Freight Forwarder,Volume Commitment,2024-05-09,B,28998.89511057708,Dangerous Goods
CUST000379,Bond-Mcdaniel,Guam,Freight Forwarder,Spot Rate,2024-04-18,B,588130.6522052535,E-commerce
CUST000380,"Wu, Rose and Rice",Marshall Islands,Government,Long-term,2024-06-24,A,6552.176555416738,Perishables
CUST000381,"Snyder, Moore and Saunders",Timor-Leste,Pharma Company,Spot Rate,2024-05-22,B,6250.503107738238,Pharma
CUST000382,"Arnold, Wells and Barker",Portugal,E-commerce Platform,Long-term,2024-07-17,A,8963.454977699153,Live Animals
CUST000383,Burke PLC,Gibraltar,Direct Shipper,Long-term,2024-01-23,B,910.6479813559473,Perishables
CUST000384,Gregory-Miles,Western Sahara,Perishables Exporter,Volume Commitment,2024-03-01,A,10010.276231458927,General Cargo
CUST000385,Mccarty and Sons,Mongolia,Pharma Company,Long-term,2024-05-05,A,7053.6536350492315,E-commerce
CUST000386,"Henson, Perry and Walker",Dominican Republic,E-commerce Platform,Volume Commitment,2024-06-04,A,27600.541738366952,Live Animals
CUST000387,Sims-Becker,Israel,Freight Forwarder,Volume Commitment,2024-05-08,B,36777.2219462839,Perishables
CUST000388,Hayes LLC,Bosnia and Herzegovina,Perishables Exporter,Volume Commitment,2024-06-12,B,367418.2995698088,General Cargo
CUST000389,"Cook, Martinez and Cunningham",Sri Lanka,E-commerce Platform,Volume Commitment,2024-07-27,B,91641.1565693133,Express
CUST000390,Clark-Baker,Antigua and Barbuda,Government,Long-term,2024-03-12,B,9270.981355105201,Pharma
CUST000391,Harris-Vasquez,Gambia,Freight Forwarder,Long-term,2024-06-14,A,5723.74158040519,Dangerous Goods
CUST000392,Blackwell-Tapia,Romania,Direct Shipper,Spot Rate,2024-05-05,B,46068.2263082681,General Cargo
CUST000393,Arias PLC,Anguilla,E-commerce Platform,Volume Commitment,2024-04-16,D,3040.113683134639,Express
CUST000394,Graves-Mercer,Bolivia,E-commerce Platform,Spot Rate,2024-07-17,B,343584.4282941011,Dangerous Goods
CUST000395,"Moore, Lawson and Morales",Azerbaijan,E-commerce Platform,Spot Rate,2024-07-23,C,129205.59587024679,Dangerous Goods
CUST000396,Vaughn-Oneill,Lithuania,Freight Forwarder,Volume Commitment,2024-03-31,D,10896.931576492238,E-commerce
CUST000397,Miller-Potter,Malaysia,Government,Long-term,2024-01-18,D,1686.3103668773733,Live Animals
CUST000398,Miles Group,Palau,Direct Shipper,Long-term,2024-07-28,D,167847.07252681287,Live Animals
CUST000399,"Martin, Larson and Greene",Malawi,Perishables Exporter,Volume Commitment,2024-03-17,A,18549.353805041348,E-commerce
CUST000400,Clark and Sons,Congo,Freight Forwarder,Long-term,2024-07-12,B,141029.51419111586,Dangerous Goods
CUST000401,Hernandez Ltd,Niger,E-commerce Platform,Spot Rate,2024-02-22,A,2014.9678356734594,Live Animals
CUST000402,"Clarke, Cummings and Vang",Cyprus,Government,Volume Commitment,2024-01-21,C,8963.69191842768,Express
CUST000403,"Mcdonald, Mitchell and Richard",Bouvet Island (Bouvetoya),Perishables Exporter,Long-term,2024-02-11,B,22200.39919770439,Express
CUST000404,"Hendricks, Knight and Brown",French Polynesia,E-commerce Platform,Long-term,2024-06-27,A,23634.691504279763,Live Animals
CUST000405,May-Walker,Equatorial Guinea,Perishables Exporter,Long-term,2024-05-09,C,11213.815151041064,General Cargo
CUST000406,Norris-Herrera,Niue,Freight Forwarder,Long-term,2024-03-20,C,56065.44222151073,Pharma
CUST000407,Thompson-Williams,Palestinian Territory,Freight Forwarder,Blocked Space,2024-07-14,D,4440.709126841729,General Cargo
CUST000408,Fuentes-Short,Macao,Direct Shipper,Spot Rate,2024-08-01,B,17790.693677791303,Live Animals
CUST000409,"Cooper, Armstrong and Holmes",Greenland,E-commerce Platform,Long-term,2024-01-26,A,26382.16381054085,Pharma
CUST000410,Morrison-Martinez,Greenland,Government,Long-term,2024-06-01,C,47650.96930643396,Live Animals
CUST000411,Erickson-Ortiz,French Southern Territories,Pharma Company,Spot Rate,2024-03-06,B,64050.192778521654,Live Animals
CUST000412,"Robinson, Miller and Heath",Vietnam,Pharma Company,Volume Commitment,2024-04-19,C,4076.6745029655235,Valuables
CUST000413,Morris PLC,Libyan Arab Jamahiriya,Freight Forwarder,Spot Rate,2024-06-26,B,2205.762964982995,Express
CUST000414,"Sandoval, Espinoza and Gibson",Russian Federation,Perishables Exporter,Long-term,2024-02-08,A,149718.96256817193,Dangerous Goods
CUST000415,"Spence, Hernandez and Wilson",Nepal,E-commerce Platform,Long-term,2024-02-12,B,36260.01935053656,Dangerous Goods
CUST000416,"Salazar, Stephens and Berg",Sierra Leone,Government,Long-term,2024-02-25,B,7167.198952741726,Perishables
CUST000417,Jones-Collins,Czech Republic,Direct Shipper,Spot Rate,2024-04-16,D,225647.1924866273,Pharma
CUST000418,"Carr, Harvey and Travis",Qatar,Government,Long-term,2024-06-11,A,26199.928256378837,Live Animals
CUST000419,"Bryant, Hodges and White",Tonga,Government,Volume Commitment,2024-06-05,A,129177.89651579429,Dangerous Goods
CUST000420,"Webb, Ward and Young",Antarctica (the territory South of 60 deg S),E-commerce Platform,Blocked Space,2024-06-24,B,24374.132905245195,Live Animals
CUST000421,Cantu-Brady,Mali,Perishables Exporter,Blocked Space,2024-06-24,A,484620.7413037098,Valuables
CUST000422,Gomez-Williams,Ghana,Direct Shipper,Blocked Space,2024-06-26,D,306511.71750638745,General Cargo
CUST000423,Owen Ltd,Lithuania,E-commerce Platform,Volume Commitment,2024-01-29,D,15162.094014776325,Pharma
CUST000424,"Swanson, Williams and Ortiz",Malta,Perishables Exporter,Spot Rate,2024-05-30,A,94594.67146371778,Dangerous Goods
CUST000425,Bush-Gibbs,Lithuania,Pharma Company,Long-term,2024-02-09,D,57992.20734479396,E-commerce
CUST000426,Castillo PLC,Sudan,Perishables Exporter,Spot Rate,2024-02-20,B,171604.439394473,Live Animals
CUST000427,"Tucker, Douglas and Orozco",Uganda,Government,Spot Rate,2024-03-31,D,5180.282182365018,Express
CUST000428,Sullivan-Thomas,Czech Republic,Government,Volume Commitment,2024-07-05,B,61640.671914402876,Pharma
CUST000429,Morgan Group,Kyrgyz Republic,Direct Shipper,Long-term,2024-03-29,A,107757.29732582178,Perishables
CUST000430,Peterson-Edwards,Greece,Perishables Exporter,Blocked Space,2024-08-01,C,1574.8113563894883,Pharma
CUST000431,"Hines, Rasmussen and Ramsey",Saint Lucia,Direct Shipper,Volume Commitment,2024-01-26,B,3733.5403986508204,Live Animals
CUST000432,"Johnson, Thompson and Perry",Canada,Perishables Exporter,Volume Commitment,2024-04-03,A,1033.960376112617,Dangerous Goods
CUST000433,"Thomas, Farrell and Eaton",Cote d'Ivoire,Direct Shipper,Volume Commitment,2024-04-25,B,14704.219146192123,Dangerous Goods
CUST000434,"Sullivan, Cook and Arias",Palau,Perishables Exporter,Spot Rate,2024-02-28,B,64622.20644333316,Pharma
CUST000435,Mills-Zimmerman,Monaco,Direct Shipper,Volume Commitment,2024-06-19,A,209721.46625360785,General Cargo
CUST000436,"Henderson, Morales and Brown",Gibraltar,Freight Forwarder,Spot Rate,2024-07-17,C,24615.760084470705,Valuables
CUST000437,Duncan-Howard,Sierra Leone,Perishables Exporter,Long-term,2024-02-11,A,253450.37370126077,Express
CUST000438,Avila PLC,Cambodia,Government,Volume Commitment,2024-04-15,C,2779.0038431794637,Express
CUST000439,Haley Inc,Cyprus,Direct Shipper,Long-term,2024-04-09,C,1711.159245175578,Express
CUST000440,Vazquez PLC,Venezuela,Freight Forwarder,Spot Rate,2024-05-04,B,20265.565656584746,Express
CUST000441,"Clark, Johnson and Mitchell",Iceland,Pharma Company,Long-term,2024-07-04,D,39186.91517143403,Valuables
CUST000442,"Salinas, Higgins and Luna",Cayman Islands,E-commerce Platform,Blocked Space,2024-01-09,C,20972.30166690812,Live Animals
CUST000443,Richards PLC,Australia,Government,Volume Commitment,2024-01-02,D,991.1212221832368,Pharma
CUST000444,"Mcdaniel, King and Gilbert",Puerto Rico,E-commerce Platform,Spot Rate,2024-01-29,C,19270.292507762766,Valuables
CUST000445,Greene Ltd,Brunei Darussalam,Pharma Company,Spot Rate,2024-04-05,C,3112.855494161954,Express
CUST000446,"Ryan, Fisher and Mcdonald",South Africa,Direct Shipper,Blocked Space,2024-03-12,A,60144.71315816552,General Cargo
CUST000447,Livingston-Bender,India,E-commerce Platform,Long-term,2024-04-04,D,38173.520329732804,Valuables
CUST000448,Massey Inc,United States of America,Direct Shipper,Volume Commitment,2024-03-14,C,5378.583456879087,Valuables
CUST000449,Holland and Sons,Croatia,Direct Shipper,Long-term,2024-05-29,D,10190.382109523836,Express
CUST000450,"Montes, Harvey and Flores",Peru,E-commerce Platform,Long-term,2024-03-10,A,4497.06264542654,Perishables
CUST000451,Gonzalez LLC,Taiwan,Pharma Company,Long-term,2024-01-18,B,20049.938273273332,Valuables
CUST000452,Erickson-Wilson,Qatar,Perishables Exporter,Volume Commitment,2024-07-05,A,92292.06810291983,General Cargo
CUST000453,"Pace, Yu and Kim",Belarus,E-commerce Platform,Long-term,2024-02-22,D,5021.1332313012035,Dangerous Goods
CUST000454,Brown-Hebert,New Zealand,Perishables Exporter,Spot Rate,2024-05-31,A,46913.922869891234,E-commerce
CUST000455,Faulkner and Sons,Albania,Direct Shipper,Volume Commitment,2024-04-20,C,9942.895673234689,E-commerce
CUST000456,Mcdaniel-Bullock,Oman,E-commerce Platform,Spot Rate,2024-01-25,D,6705.54953676575,General Cargo
CUST000457,"Brown, Santiago and Griffin",Burundi,Perishables Exporter,Blocked Space,2024-01-06,C,18759.479182878717,Dangerous Goods
CUST000458,"Wright, Patterson and Lee",Zimbabwe,Freight Forwarder,Long-term,2024-01-04,D,4661.70488970697,Dangerous Goods
CUST000459,Johnson-Dyer,Kyrgyz Republic,Perishables Exporter,Spot Rate,2024-01-15,B,9600.073579705646,Perishables
CUST000460,"Gibbs, Krause and Long",Afghanistan,Pharma Company,Volume Commitment,2024-07-12,C,3652.558504357607,Live Animals
CUST000461,"Stark, Ruiz and Mejia",Mozambique,Direct Shipper,Blocked Space,2024-05-06,D,419612.8164037105,General Cargo
CUST000462,"Richard, Pham and Dean",Uruguay,Freight Forwarder,Spot Rate,2024-02-25,B,23222.92759276749,Live Animals
CUST000463,Brown LLC,Saudi Arabia,Pharma Company,Long-term,2024-05-27,B,7711.066146615506,Pharma
CUST000464,Brown Inc,French Polynesia,E-commerce Platform,Volume Commitment,2024-04-27,B,30362.691065465013,E-commerce
CUST000465,"Wilson, Palmer and Foster",Paraguay,Perishables Exporter,Volume Commitment,2024-03-02,C,18610.997072858278,Express
CUST000466,Harris-Bailey,Samoa,Government,Volume Commitment,2024-04-23,D,15812.334842941462,General Cargo
CUST000467,Stewart and Sons,Croatia,E-commerce Platform,Volume Commitment,2024-01-18,A,55339.93341075848,E-commerce
CUST000468,"Cochran, Wilson and Shah",Congo,Perishables Exporter,Volume Commitment,2024-04-06,A,68614.66491035535,Express
CUST000469,Castillo LLC,Norfolk Island,E-commerce Platform,Blocked Space,2024-07-22,A,9939.26425783043,Express
CUST000470,Anthony LLC,Uruguay,Direct Shipper,Long-term,2024-05-22,B,9286.08794304403,Valuables
CUST000471,Hodges PLC,Mexico,Freight Forwarder,Spot Rate,2024-03-22,B,14580.23982416252,General Cargo
CUST000472,"Mendoza, Stokes and Lewis",Niger,Pharma Company,Volume Commitment,2024-03-10,D,697.2320295813297,Pharma
CUST000473,"Bradshaw, Davis and Brown",Slovenia,Pharma Company,Blocked Space,2024-06-08,D,2269.269849886982,Express
CUST000474,Clarke-Bennett,Monaco,Government,Spot Rate,2024-06-03,B,171152.69686747476,Valuables
CUST000475,Ho-Parker,Korea,Perishables Exporter,Volume Commitment,2024-01-12,D,259743.9378409363,E-commerce
CUST000476,Gardner Inc,Qatar,E-commerce Platform,Blocked Space,2024-06-21,D,15160.459074021775,Live Animals
CUST000477,"Valencia, Duncan and Good",Bahrain,Perishables Exporter,Volume Commitment,2024-01-01,C,52304.382637570176,Express
CUST000478,Phillips LLC,Burundi,Direct Shipper,Blocked Space,2024-01-13,C,35132.26548573822,Dangerous Goods
CUST000479,Griffin-Coleman,Grenada,Direct Shipper,Volume Commitment,2024-01-23,C,2231804.954487941,Valuables
CUST000480,Jimenez-Martinez,Singapore,Government,Long-term,2024-05-29,C,118108.90093793848,Express
CUST000481,Ramirez Group,Norfolk Island,E-commerce Platform,Volume Commitment,2024-04-22,C,18180.840754401586,Perishables
CUST000482,Johnson-Jenkins,Sierra Leone,Perishables Exporter,Long-term,2024-04-22,D,5253.707722088223,Live Animals
CUST000483,Smith Inc,Montenegro,Direct Shipper,Volume Commitment,2024-03-27,A,1978.9674932348962,Dangerous Goods
CUST000484,Pratt Inc,Myanmar,Government,Spot Rate,2024-04-02,C,29887.49527879915,Express
CUST000485,"Cook, Leon and Murphy",Palestinian Territory,Government,Volume Commitment,2024-02-01,D,7083.149143484208,Valuables
CUST000486,Combs-Miller,Botswana,Direct Shipper,Volume Commitment,2024-03-25,C,2608.7316793663417,Pharma
CUST000487,Martinez Inc,Mexico,Freight Forwarder,Blocked Space,2024-05-04,B,8351.034259905655,General Cargo
CUST000488,Decker LLC,Afghanistan,Government,Blocked Space,2024-05-27,B,4348.8990260065775,General Cargo
CUST000489,Lee-Henderson,Solomon Islands,Freight Forwarder,Long-term,2024-02-14,C,276706.4435419454,Express
CUST000490,Haynes LLC,Antigua and Barbuda,Freight Forwarder,Blocked Space,2024-06-09,A,82657.40016553573,Pharma
CUST000491,"Steele, Garner and Thompson",Luxembourg,Pharma Company,Long-term,2024-04-05,D,21764.620944902592,Valuables
CUST000492,Wheeler PLC,Guinea,E-commerce Platform,Volume Commitment,2024-03-17,C,202787.96572563,General Cargo
CUST000493,"Turner, Allison and Guzman",Burundi,Freight Forwarder,Blocked Space,2024-01-18,A,24736.92786684681,Pharma
CUST000494,"Jennings, Davis and Kirk",Senegal,Pharma Company,Blocked Space,2024-01-06,A,6051.574093984462,E-commerce
CUST000495,Payne LLC,South Georgia and the South Sandwich Islands,Pharma Company,Blocked Space,2024-02-21,C,216357.21977436426,General Cargo
CUST000496,Dixon-Walton,Vietnam,Freight Forwarder,Volume Commitment,2024-05-18,A,49432.58324103887,Live Animals
CUST000497,Stone-Mcdonald,Netherlands,E-commerce Platform,Long-term,2024-06-18,D,4647.7140172587415,Pharma
CUST000498,Crawford Ltd,Niue,Perishables Exporter,Long-term,2024-02-21,C,16555.80348154509,Valuables
CUST000499,Roberson-Davis,Cameroon,Freight Forwarder,Volume Commitment,2024-07-13,B,5922.847565536216,Express
CUST000500,"Rose, Diaz and Vincent",Pitcairn Islands,Government,Volume Commitment,2024-05-27,B,2767.778809144661,General Cargo
